{"sepal_length": {"min": 4.3, "max": 7.9, "default": 5.843333333333334}, "sepal_width": {"min": 2.0, "max": 4.4, "default": 3.0573333333333337}, "petal_length": {"min": 1.0, "max": 6.9, "default": 3.7580000000000005}, "petal_width": {"min": 0.1, "max": 2.5, "default": 1.1993333333333336}}